area_code,city,state,region,total_calls,unique_leads,bookings,shows,booking_rate_pct,show_rate_pct,engagement_rate_pct
832,Houston,Texas,Texas-Houston,1181,780,7.0,3.0,0.5927180355630821,42.857142857142854,91.20135363790186
318,Shreveport,Louisiana,Louisiana,995,588,21.0,7.0,2.1105527638190953,33.33333333333333,88.05220883534136
713,Houston,Texas,Texas-Houston,844,554,7.0,1.0,0.8293838862559242,14.285714285714285,90.04739336492891
918,Tulsa,Oklahoma,Oklahoma,677,484,5.0,0.0,0.7385524372230428,0.0,89.80797636632201
281,Houston,Texas,Texas-Houston,462,311,5.0,1.0,1.0822510822510822,20.0,91.34199134199135
248,Troy,Michigan,Michigan,340,252,0.0,0.0,0.0,0.0,95.58823529411765
810,Flint,Michigan,Michigan,215,153,1.0,0.0,0.46511627906976744,0.0,98.13953488372093
346,Houston,Texas,Texas-Houston,168,97,2.0,1.0,1.1904761904761905,50.0,89.88095238095238
734,Ann Arbor,Michigan,Michigan,89,59,1.0,0.0,1.1235955056179776,0.0,94.3820224719101
979,Bryan-College Station,Texas,Texas-Other,70,40,1.0,0.0,1.4285714285714286,0.0,87.14285714285714
517,Lansing,Michigan,Michigan,68,46,1.0,1.0,1.4705882352941175,100.0,91.17647058823529
313,Detroit,Michigan,Michigan,58,38,1.0,0.0,1.7241379310344827,0.0,94.82758620689656
512,Austin,Texas,Texas-Other,57,37,0.0,0.0,0.0,0.0,98.24561403508771
586,Warren,Michigan,Michigan,54,41,0.0,0.0,0.0,0.0,96.29629629629629
405,Oklahoma City,Oklahoma,Oklahoma,51,37,0.0,0.0,0.0,0.0,80.3921568627451
409,Beaumont,Texas,Texas-Other,48,33,0.0,0.0,0.0,0.0,72.91666666666666
817,Fort Worth,Texas,Texas-Other,45,23,1.0,0.0,2.2222222222222223,0.0,97.77777777777777
337,Lafayette,Louisiana,Louisiana,43,26,0.0,0.0,0.0,0.0,74.4186046511628
214,Dallas,Texas,Texas-Other,42,27,2.0,0.0,4.761904761904762,0.0,97.61904761904762
504,New Orleans,Louisiana,Louisiana,38,26,0.0,0.0,0.0,0.0,94.73684210526315
903,Tyler,Texas,Texas-Other,37,21,2.0,1.0,5.405405405405405,50.0,94.5945945945946
210,San Antonio,Texas,Texas-Other,33,23,0.0,0.0,0.0,0.0,93.93939393939394
917,New York City,New York,New York,32,16,0.0,0.0,0.0,0.0,93.75
936,Conroe,Texas,Texas-Other,31,22,0.0,0.0,0.0,0.0,90.32258064516128
314,St. Louis,Missouri,Missouri,30,15,1.0,0.0,3.3333333333333335,0.0,80.0
225,Baton Rouge,Louisiana,Louisiana,26,14,0.0,0.0,0.0,0.0,92.3076923076923
469,Dallas,Texas,Texas-Houston,25,12,0.0,0.0,0.0,0.0,100.0
678,Atlanta,Georgia,Georgia,24,13,0.0,0.0,0.0,0.0,95.83333333333334
501,Little Rock,Arkansas,Arkansas,23,12,0.0,0.0,0.0,0.0,91.30434782608695
562,Long Beach,California,California,22,6,0.0,0.0,0.0,0.0,100.0
404,Atlanta,Georgia,Georgia,22,13,0.0,0.0,0.0,0.0,90.9090909090909
580,Lawton,Oklahoma,Oklahoma,22,13,0.0,0.0,0.0,0.0,81.81818181818183
956,Laredo,Texas,Texas-Other,21,15,0.0,0.0,0.0,0.0,95.23809523809523
479,Fayetteville,Arkansas,Arkansas,19,12,1.0,0.0,5.263157894736842,0.0,100.0
539,Tulsa,Oklahoma,Oklahoma,19,14,0.0,0.0,0.0,0.0,73.68421052631578
773,Chicago,Illinois,Illinois,19,11,0.0,0.0,0.0,0.0,94.73684210526315
989,Saginaw,Michigan,Michigan,18,13,0.0,0.0,0.0,0.0,94.44444444444444
720,Denver,Colorado,Colorado,16,10,0.0,0.0,0.0,0.0,93.75
347,New York City,New York,New York,16,13,0.0,0.0,0.0,0.0,100.0
312,Chicago,Illinois,Illinois,16,12,0.0,0.0,0.0,0.0,87.5
616,Grand Rapids,Michigan,Michigan,15,6,1.0,0.0,6.666666666666667,0.0,80.0
870,Jonesboro,Arkansas,Arkansas,15,11,0.0,0.0,0.0,0.0,60.0
310,Los Angeles,California,California,15,9,1.0,0.0,6.666666666666667,0.0,100.0
609,Trenton,New Jersey,New Jersey,14,4,0.0,0.0,0.0,0.0,85.71428571428571
316,Wichita,Kansas,Kansas,14,10,0.0,0.0,0.0,0.0,64.28571428571429
619,San Diego,California,California,14,7,0.0,0.0,0.0,0.0,85.71428571428571
443,Baltimore,Maryland,Maryland,14,9,0.0,0.0,0.0,0.0,100.0
305,Miami,Florida,Florida,14,11,0.0,0.0,0.0,0.0,78.57142857142857
516,Long Island,New York,New York,13,8,0.0,0.0,0.0,0.0,100.0
361,Corpus Christi,Texas,Texas-Other,13,8,0.0,0.0,0.0,0.0,92.3076923076923
682,Fort Worth,Texas,Texas-Other,13,11,0.0,0.0,0.0,0.0,100.0
203,Bridgeport,Connecticut,Connecticut,13,7,0.0,0.0,0.0,0.0,100.0
432,Midland,Texas,Texas-Other,13,5,0.0,0.0,0.0,0.0,100.0
706,Augusta,Georgia,Georgia,12,5,0.0,0.0,0.0,0.0,91.66666666666666
323,Los Angeles,California,California,12,7,0.0,0.0,0.0,0.0,91.66666666666666
919,Raleigh,North Carolina,North Carolina,12,11,0.0,0.0,0.0,0.0,83.33333333333334
254,Waco,Texas,Texas-Other,11,7,0.0,0.0,0.0,0.0,81.81818181818183
510,Oakland,California,California,11,8,0.0,0.0,0.0,0.0,100.0
951,Riverside,California,California,11,6,0.0,0.0,0.0,0.0,100.0
816,Kansas City,Missouri,Missouri,10,7,0.0,0.0,0.0,0.0,100.0
901,Memphis,Tennessee,Tennessee,10,7,0.0,0.0,0.0,0.0,100.0
949,Irvine,California,California,10,6,0.0,0.0,0.0,0.0,100.0
202,Washington,DC,DC,10,6,0.0,0.0,0.0,0.0,90.0
662,Tupelo,Mississippi,Mississippi,10,7,0.0,0.0,0.0,0.0,90.0
641,Mason City,Iowa,Iowa,10,1,0.0,0.0,0.0,0.0,100.0
256,Huntsville,Alabama,Alabama,10,5,2.0,0.0,20.0,0.0,90.0
972,Dallas,Texas,Texas-Houston,10,7,0.0,0.0,0.0,0.0,80.0
414,Milwaukee,Wisconsin,Wisconsin,10,6,0.0,0.0,0.0,0.0,60.0
615,Nashville,Tennessee,Tennessee,10,6,0.0,0.0,0.0,0.0,100.0
303,Denver,Colorado,Colorado,10,6,0.0,0.0,0.0,0.0,100.0
317,Indianapolis,Indiana,Indiana,10,6,0.0,0.0,0.0,0.0,100.0
601,Jackson,Mississippi,Mississippi,10,8,0.0,0.0,0.0,0.0,90.0
704,Charlotte,North Carolina,North Carolina,10,5,0.0,0.0,0.0,0.0,60.0
215,Philadelphia,Pennsylvania,Pennsylvania,9,7,0.0,0.0,0.0,0.0,100.0
646,New York City,New York,New York,9,6,0.0,0.0,0.0,0.0,100.0
502,Louisville,Kentucky,Kentucky,9,7,0.0,0.0,0.0,0.0,88.88888888888889
423,Chattanooga,Tennessee,Tennessee,9,5,0.0,0.0,0.0,0.0,100.0
205,Birmingham,Alabama,Alabama,9,7,0.0,0.0,0.0,0.0,88.88888888888889
402,Omaha,Nebraska,Nebraska,9,5,0.0,0.0,0.0,0.0,55.55555555555556
269,Kalamazoo,Michigan,Michigan,9,6,0.0,0.0,0.0,0.0,55.55555555555556
407,Orlando,Florida,Florida,9,6,0.0,0.0,0.0,0.0,100.0
315,Syracuse,New York,New York,8,4,0.0,0.0,0.0,0.0,100.0
630,Chicago,Illinois,Illinois,8,6,0.0,0.0,0.0,0.0,100.0
904,Jacksonville,Florida,Florida,8,4,0.0,0.0,0.0,0.0,100.0
843,Charleston,South Carolina,South Carolina,8,5,0.0,0.0,0.0,0.0,87.5
925,Concord,California,California,8,4,0.0,0.0,0.0,0.0,100.0
321,Orlando,Florida,Florida,8,4,0.0,0.0,0.0,0.0,87.5
430,Tyler,Texas,Texas-Other,8,1,0.0,0.0,0.0,0.0,100.0
571,Arlington,Virginia,Virginia,8,7,0.0,0.0,0.0,0.0,100.0
702,Las Vegas,Nevada,Nevada,8,6,0.0,0.0,0.0,0.0,87.5
251,Mobile,Alabama,Alabama,7,6,0.0,0.0,0.0,0.0,71.42857142857143
513,Cincinnati,Ohio,Ohio,7,5,0.0,0.0,0.0,0.0,85.71428571428571
334,Montgomery,Alabama,Alabama,7,4,0.0,0.0,0.0,0.0,100.0
509,Spokane,Washington,Washington,7,5,0.0,0.0,0.0,0.0,71.42857142857143
417,Springfield,Missouri,Missouri,7,5,0.0,0.0,0.0,0.0,42.857142857142854
815,Rockford,Illinois,Illinois,7,4,0.0,0.0,0.0,0.0,85.71428571428571
916,Sacramento,California,California,7,6,0.0,0.0,0.0,0.0,85.71428571428571
201,Jersey City,New Jersey,New Jersey,7,7,0.0,0.0,0.0,0.0,100.0
719,Colorado Springs,Colorado,Colorado,7,4,0.0,0.0,0.0,0.0,100.0
231,Traverse City,Michigan,Michigan,7,5,0.0,0.0,0.0,0.0,71.42857142857143
808,Honolulu,Hawaii,Hawaii,7,5,0.0,0.0,0.0,0.0,100.0
985,Slidell,Louisiana,Louisiana,7,6,0.0,0.0,0.0,0.0,71.42857142857143
574,South Bend,Indiana,Indiana,7,4,0.0,0.0,0.0,0.0,57.14285714285714
859,Lexington,Kentucky,Kentucky,7,5,0.0,0.0,0.0,0.0,85.71428571428571
240,Silver Spring,Maryland,Maryland,6,5,0.0,0.0,0.0,0.0,83.33333333333334
860,Hartford,Connecticut,Connecticut,6,4,0.0,0.0,0.0,0.0,100.0
239,Naples,Florida,Florida,6,4,0.0,0.0,0.0,0.0,100.0
703,Arlington,Virginia,Virginia,6,5,0.0,0.0,0.0,0.0,100.0
940,Wichita Falls,Texas,Texas-Other,6,4,0.0,0.0,0.0,0.0,66.66666666666666
830,San Antonio,Texas,Texas-Other,6,2,0.0,0.0,0.0,0.0,66.66666666666666
803,Columbia,South Carolina,South Carolina,6,3,0.0,0.0,0.0,0.0,83.33333333333334
716,Buffalo,New York,New York,6,4,0.0,0.0,0.0,0.0,100.0
708,Chicago,Illinois,Illinois,6,4,0.0,0.0,0.0,0.0,100.0
850,Tallahassee,Florida,Florida,6,5,0.0,0.0,0.0,0.0,83.33333333333334
408,San Jose,California,California,6,5,0.0,0.0,0.0,0.0,83.33333333333334
954,Fort Lauderdale,Florida,Florida,6,4,0.0,0.0,0.0,0.0,100.0
786,Miami,Florida,Florida,6,5,2.0,1.0,33.33333333333333,50.0,100.0
732,New Brunswick,New Jersey,New Jersey,6,4,0.0,0.0,0.0,0.0,100.0
612,Other,Other,Other,5,4,0.0,0.0,0.0,0.0,100.0
760,Palm Springs,California,California,5,4,0.0,0.0,0.0,0.0,60.0
620,Wichita,Kansas,Kansas,5,4,0.0,0.0,0.0,0.0,100.0
602,Phoenix,Arizona,Arizona,5,5,0.0,0.0,0.0,0.0,80.0
770,Atlanta,Georgia,Georgia,5,3,0.0,0.0,0.0,0.0,100.0
219,Gary,Indiana,Indiana,5,3,0.0,0.0,0.0,0.0,100.0
213,Los Angeles,California,California,5,5,0.0,0.0,0.0,0.0,80.0
561,West Palm Beach,Florida,Florida,5,4,0.0,0.0,0.0,0.0,100.0
319,Cedar Rapids,Iowa,Iowa,5,4,0.0,0.0,0.0,0.0,100.0
419,Toledo,Ohio,Ohio,5,2,0.0,0.0,0.0,0.0,100.0
415,San Francisco,California,California,5,3,0.0,0.0,0.0,0.0,100.0
814,Erie,Pennsylvania,Pennsylvania,5,4,0.0,0.0,0.0,0.0,80.0
530,Chico,California,California,5,4,0.0,0.0,0.0,0.0,100.0
412,Pittsburgh,Pennsylvania,Pennsylvania,5,4,0.0,0.0,0.0,0.0,80.0
570,Scranton,Pennsylvania,Pennsylvania,4,4,0.0,0.0,0.0,0.0,100.0
775,Reno,Nevada,Nevada,4,2,0.0,0.0,0.0,0.0,50.0
470,Atlanta,Georgia,Georgia,4,3,0.0,0.0,0.0,0.0,100.0
228,Biloxi,Mississippi,Mississippi,4,3,0.0,0.0,0.0,0.0,100.0
410,Baltimore,Maryland,Maryland,4,3,0.0,0.0,0.0,0.0,100.0
856,Camden,New Jersey,New Jersey,4,3,0.0,0.0,0.0,0.0,100.0
714,Anaheim,California,California,4,3,0.0,0.0,0.0,0.0,100.0
909,San Bernardino,California,California,4,4,0.0,0.0,0.0,0.0,100.0
484,Allentown,Pennsylvania,Pennsylvania,4,2,0.0,0.0,0.0,0.0,100.0
970,Fort Collins,Colorado,Colorado,4,3,0.0,0.0,0.0,0.0,100.0
973,Newark,New Jersey,New Jersey,4,3,1.0,0.0,25.0,0.0,100.0
858,San Diego,California,California,4,3,0.0,0.0,0.0,0.0,25.0
980,Charlotte,North Carolina,North Carolina,4,1,0.0,0.0,0.0,0.0,100.0
740,Newark,Ohio,Ohio,4,3,0.0,0.0,0.0,0.0,100.0
914,Yonkers,New York,New York,4,3,0.0,0.0,0.0,0.0,100.0
661,Bakersfield,California,California,4,2,0.0,0.0,0.0,0.0,50.0
508,Worcester,Massachusetts,Massachusetts,4,4,0.0,0.0,0.0,0.0,75.0
937,Dayton,Ohio,Ohio,4,1,0.0,0.0,0.0,0.0,100.0
614,Columbus,Ohio,Ohio,4,3,0.0,0.0,0.0,0.0,100.0
216,Cleveland,Ohio,Ohio,4,4,0.0,0.0,0.0,0.0,100.0
818,Los Angeles,California,California,4,4,0.0,0.0,0.0,0.0,100.0
828,Asheville,North Carolina,North Carolina,4,3,0.0,0.0,0.0,0.0,75.0
618,East St. Louis,Illinois,Illinois,4,4,0.0,0.0,0.0,0.0,75.0
503,Portland,Oregon,Oregon,3,2,0.0,0.0,0.0,0.0,100.0
585,Rochester,New York,New York,3,2,0.0,0.0,0.0,0.0,100.0
928,Flagstaff,Arizona,Arizona,3,2,0.0,0.0,0.0,0.0,100.0
270,Bowling Green,Kentucky,Kentucky,3,3,0.0,0.0,0.0,0.0,100.0
540,Roanoke,Virginia,Virginia,3,3,0.0,0.0,0.0,0.0,100.0
765,Muncie,Indiana,Indiana,3,3,0.0,0.0,0.0,0.0,66.66666666666666
906,Marquette,Michigan,Michigan,3,2,0.0,0.0,0.0,0.0,100.0
302,Wilmington,Delaware,Delaware,3,3,0.0,0.0,0.0,0.0,100.0
336,Greensboro,North Carolina,North Carolina,3,2,0.0,0.0,0.0,0.0,100.0
813,Tampa,Florida,Florida,3,3,0.0,0.0,0.0,0.0,100.0
865,Knoxville,Tennessee,Tennessee,3,2,0.0,0.0,0.0,0.0,100.0
718,New York City,New York,New York,3,2,0.0,0.0,0.0,0.0,100.0
757,Virginia Beach,Virginia,Virginia,3,2,0.0,0.0,0.0,0.0,100.0
603,Manchester,New Hampshire,New Hampshire,3,2,0.0,0.0,0.0,0.0,66.66666666666666
806,Lubbock,Texas,Texas-Other,3,3,0.0,0.0,0.0,0.0,66.66666666666666
480,Phoenix,Arizona,Arizona,3,3,0.0,0.0,0.0,0.0,100.0
440,Cleveland,Ohio,Ohio,3,3,0.0,0.0,0.0,0.0,100.0
888,Toll-Free,Unknown,Other,3,1,0.0,0.0,0.0,0.0,0.0
505,Albuquerque,New Mexico,New Mexico,3,2,0.0,0.0,0.0,0.0,100.0
913,Other,Other,Other,3,2,0.0,0.0,0.0,0.0,100.0
863,Other,Other,Other,3,2,0.0,0.0,0.0,0.0,100.0
847,Chicago,Illinois,Illinois,2,2,0.0,0.0,0.0,0.0,100.0
772,Stuart,Florida,Florida,2,2,0.0,0.0,0.0,0.0,100.0
217,Springfield,Illinois,Illinois,2,2,0.0,0.0,0.0,0.0,100.0
801,Salt Lake City,Utah,Utah,2,2,0.0,0.0,0.0,0.0,100.0
898,Other,Other,Other,2,1,0.0,0.0,0.0,0.0,0.0
657,Anaheim,California,California,2,1,0.0,0.0,0.0,0.0,100.0
754,Fort Lauderdale,Florida,Florida,2,2,0.0,0.0,0.0,0.0,50.0
929,New York City,New York,New York,2,2,0.0,0.0,0.0,0.0,100.0
325,Abilene,Texas,Texas-Other,2,2,0.0,0.0,0.0,0.0,50.0
332,New York City,New York,New York,2,1,0.0,0.0,0.0,0.0,100.0
978,Lowell,Massachusetts,Massachusetts,2,2,0.0,0.0,0.0,0.0,100.0
267,Philadelphia,Pennsylvania,Pennsylvania,2,2,0.0,0.0,0.0,0.0,50.0
406,Billings,Montana,Montana,2,1,1.0,1.0,50.0,100.0,100.0
260,Fort Wayne,Indiana,Indiana,2,2,0.0,0.0,0.0,0.0,100.0
945,Other,Other,Other,2,2,0.0,0.0,0.0,0.0,50.0
478,Macon,Georgia,Georgia,2,1,0.0,0.0,0.0,0.0,100.0
253,Tacoma,Washington,Washington,2,2,0.0,0.0,0.0,0.0,100.0
941,Sarasota,Florida,Florida,2,1,0.0,0.0,0.0,0.0,100.0
514,Other,Other,Other,2,1,0.0,0.0,0.0,0.0,100.0
515,Des Moines,Iowa,Iowa,2,2,0.0,0.0,0.0,0.0,100.0
518,Other,Other,Other,2,2,0.0,0.0,0.0,0.0,100.0
223,Lancaster,Pennsylvania,Pennsylvania,2,1,0.0,0.0,0.0,0.0,100.0
931,Clarksville,Tennessee,Tennessee,2,2,0.0,0.0,0.0,0.0,100.0
910,Fayetteville,North Carolina,North Carolina,2,2,0.0,0.0,0.0,0.0,100.0
912,Savannah,Georgia,Georgia,2,1,0.0,0.0,0.0,0.0,100.0
727,St. Petersburg,Florida,Florida,2,2,0.0,0.0,0.0,0.0,100.0
907,Anchorage,Alaska,Alaska,2,2,0.0,0.0,0.0,0.0,100.0
908,Elizabeth,New Jersey,New Jersey,2,2,0.0,0.0,0.0,0.0,100.0
717,Harrisburg,Pennsylvania,Pennsylvania,2,2,0.0,0.0,0.0,0.0,100.0
572,Other,Other,Other,2,1,0.0,0.0,0.0,0.0,100.0
573,Columbia,Missouri,Missouri,2,2,1.0,0.0,50.0,0.0,100.0
701,Other,Other,Other,2,1,0.0,0.0,0.0,0.0,0.0
660,Sedalia,Missouri,Missouri,2,2,0.0,0.0,0.0,0.0,100.0
650,San Mateo,California,California,2,2,0.0,0.0,0.0,0.0,100.0
636,Other,Other,Other,2,1,0.0,0.0,0.0,0.0,100.0
207,Portland,Maine,Maine,2,1,0.0,0.0,0.0,0.0,100.0
952,Minneapolis,Minnesota,Minnesota,1,1,0.0,0.0,0.0,0.0,100.0
872,Chicago,Illinois,Illinois,1,1,0.0,0.0,0.0,0.0,100.0
915,El Paso,Texas,Texas-Other,1,1,0.0,0.0,0.0,0.0,100.0
902,Other,Other,Other,1,1,0.0,0.0,0.0,0.0,100.0
984,Raleigh,North Carolina,North Carolina,1,1,0.0,0.0,0.0,0.0,100.0
920,Other,Other,Other,1,1,0.0,0.0,0.0,0.0,100.0
307,Other,Other,Other,1,1,0.0,0.0,0.0,0.0,100.0
864,Greenville,South Carolina,South Carolina,1,1,0.0,0.0,0.0,0.0,100.0
413,Springfield,Massachusetts,Massachusetts,1,1,0.0,0.0,0.0,0.0,100.0
535,Other,Other,Other,1,1,0.0,0.0,0.0,0.0,0.0
531,Other,Other,Other,1,1,0.0,0.0,0.0,0.0,100.0
524,Chicago,Illinois,Illinois,1,1,0.0,0.0,0.0,0.0,0.0
519,Other,Other,Other,1,1,0.0,0.0,0.0,0.0,0.0
252,Rocky Mount,North Carolina,North Carolina,1,1,0.0,0.0,0.0,0.0,100.0
507,Rochester,Minnesota,Minnesota,1,1,0.0,0.0,0.0,0.0,100.0
475,Bridgeport,Connecticut,Connecticut,1,1,0.0,0.0,0.0,0.0,0.0
434,Charlottesville,Virginia,Virginia,1,1,0.0,0.0,0.0,0.0,0.0
424,Los Angeles,California,California,1,1,0.0,0.0,0.0,0.0,100.0
262,Racine,Wisconsin,Wisconsin,1,1,0.0,0.0,0.0,0.0,100.0
862,Newark,New Jersey,New Jersey,1,1,0.0,0.0,0.0,0.0,100.0
403,Calgary,Canada,Canada,1,1,0.0,0.0,0.0,0.0,100.0
401,Providence,Rhode Island,Rhode Island,1,1,0.0,0.0,0.0,0.0,100.0
386,Daytona Beach,Florida,Florida,1,1,0.0,0.0,0.0,0.0,100.0
385,Other,Other,Other,1,1,0.0,0.0,0.0,0.0,100.0
377,Other,Other,Other,1,1,0.0,0.0,0.0,0.0,0.0
360,Bellingham,Washington,Washington,1,1,0.0,0.0,0.0,0.0,0.0
352,Other,Other,Other,1,1,0.0,0.0,0.0,0.0,100.0
330,Other,Other,Other,1,1,0.0,0.0,0.0,0.0,100.0
304,Charleston,West Virginia,West Virginia,1,1,0.0,0.0,0.0,0.0,100.0
541,Other,Other,Other,1,1,0.0,0.0,0.0,0.0,100.0
548,Ontario,Canada,Canada,1,1,0.0,0.0,0.0,0.0,0.0
551,Jersey City,New Jersey,New Jersey,1,1,0.0,0.0,0.0,0.0,100.0
559,Fresno,California,California,1,1,0.0,0.0,0.0,0.0,100.0
857,Boston,Massachusetts,Massachusetts,1,1,0.0,0.0,0.0,0.0,100.0
845,Poughkeepsie,New York,New York,1,1,0.0,0.0,0.0,0.0,0.0
804,Richmond,Virginia,Virginia,1,1,0.0,0.0,0.0,0.0,0.0
787,San Juan,Puerto Rico,Puerto Rico,1,1,0.0,0.0,0.0,0.0,0.0
769,Other,Other,Other,1,1,0.0,0.0,0.0,0.0,100.0
747,Los Angeles,California,California,1,1,0.0,0.0,0.0,0.0,100.0
737,Austin,Texas,Texas-Other,1,1,0.0,0.0,0.0,0.0,100.0
731,Jackson,Tennessee,Tennessee,1,1,0.0,0.0,0.0,0.0,100.0
726,San Antonio,Texas,Texas-Other,1,1,0.0,0.0,0.0,0.0,100.0
724,Pittsburgh,Pennsylvania,Pennsylvania,1,1,0.0,0.0,0.0,0.0,100.0
224,Other,Other,Other,1,1,0.0,0.0,0.0,0.0,100.0
712,Other,Other,Other,1,1,0.0,0.0,0.0,0.0,100.0
707,Santa Rosa,California,California,1,1,0.0,0.0,0.0,0.0,100.0
309,Peoria,Illinois,Illinois,1,1,0.0,0.0,0.0,0.0,100.0
651,Other,Other,Other,1,1,0.0,0.0,0.0,0.0,100.0
608,Madison,Wisconsin,Wisconsin,1,1,0.0,0.0,0.0,0.0,100.0
183,Other,Other,Other,1,1,0.0,0.0,0.0,0.0,0.0
575,Roswell,New Mexico,New Mexico,1,1,0.0,0.0,0.0,0.0,0.0
563,Other,Other,Other,1,1,0.0,0.0,0.0,0.0,100.0
084,Other,Other,Other,1,1,0.0,0.0,0.0,0.0,0.0
